<?xml version="1.0" encoding="UTF-8"?>
<beans xmlns="http://www.springframework.org/schema/beans"
	xmlns:xsi="http://www.w3.org/2001/XMLSchema-instance" xmlns:security="http://www.springframework.org/schema/security"
	xmlns:webflow-config="http://www.springframework.org/schema/webflow-config"
	xsi:schemaLocation="http://www.springframework.org/schema/beans 
       http://www.springframework.org/schema/beans/spring-beans.xsd 
       http://www.springframework.org/schema/security 
       http://www.springframework.org/schema/security/spring-security.xsd
       http://www.springframework.org/schema/webflow-config 
        http://www.springframework.org/schema/webflow-config/spring-webflow-config.xsd">

	<!-- database properties DataSource -->
<!-- 	<bean id="dataSource"
		class="org.springframework.jdbc.datasource.DriverManagerDataSource">
		<property name="driverClassName" value="org.h2.Driver" />
		<property name="url" value="jdbc:h2:tcp://localhost/~/ecommerce" />
		<property name="username" value="sa" />
		<property name="password" value="" />
	</bean>
	 -->
	
	
	
	<bean id="dataSource"
		class="org.springframework.jdbc.datasource.DriverManagerDataSource">
		<property name="driverClassName" value="com.mysql.jdbc.Driver" />
		<property name="url" value="jdbc:mysql://localhost:3307/mycart" />
		<property name="username" value="root" />
		<property name="password" value="root" />
	</bean>

	<bean id="sessionFactory"
		class="org.springframework.orm.hibernate4.LocalSessionFactoryBean">

		<!-- dependency Injection of dataSource -->
		<property name="dataSource" ref="dataSource"></property>
		<property name="hibernateProperties">
			<props>
<!-- 				<prop key="hibernate.dialect">org.hibernate.dialect.H2Dialect</prop>
 -->
 <prop key="hibernate.dialect">org.hibernate.dialect.MySQL5Dialect</prop>
				<!-- hibernate mapping to database automatically -->
				<!-- when we use create-drop instead of update the table is created automatically 
					when the server runs after that it will drop when server stops -->
				<prop key="hibernate.hbm2ddl.auto">update</prop>

				<!-- whether the query wants to show the data in console -->
				<prop key="hibernate.show_sql">true</prop>
				<prop key="hibernate.format_sql">true</prop>

			</props>
		</property>

		<!-- packages to scan for Entity Classes annotated Classes package -->
		<property name="annotatedClasses">
			<list>
				<value>com.model.Product</value>
				<value>com.model.Authorities</value>
				<value>com.model.BillingAddress</value>
				<value>com.model.Cart</value>
				<value>com.model.CartItem</value>
				<value>com.model.Customer</value>
				<value>com.model.CustomerOrder</value>
				<value>com.model.ShippingAddress</value>
				<value>com.model.User</value>
				<value>com.model.Queries</value>
			</list>
		</property>

	</bean>

	<!-- A transaction manager is the part of an application that is responsible 
		for coordinating transactions across one or more resources. In the Spring 
		framework, the transaction manager is effectively the root of the transaction 
		system. -->
	<bean id="transactionManager"
		class="org.springframework.orm.hibernate4.HibernateTransactionManager">
		<property name="sessionFactory" ref="sessionFactory" />
	</bean>

	<!-- Spring - Security Purpose -->
	<security:http auto-config="true" use-expressions="true">
		<security:intercept-url pattern="/index/**"
			access="permitAll" />
		<security:intercept-url pattern="/index1/**"
			access="permitAll" />
		<security:intercept-url pattern="/cart/**"
			access="permitAll" />
		<security:intercept-url pattern="/get*/**"
			access="hasAnyRole('ROLE_ADMIN','ROLE_USER')" />
		<security:intercept-url pattern="/admin*/**"
			access="hasRole('ROLE_ADMIN')" />
		<security:form-login login-page="/login"
			authentication-failure-url="/login?error" default-target-url="/index1" />
		<security:logout logout-success-url="/login?logout" />
	</security:http>

	<security:authentication-manager>
		<security:authentication-provider>
		<!--  <security:user-service>  -->
			<!-- <security:user name="ismail@gmail.com" password="12345" -->
			<!-- authorities="ROLE_USER" /> -->
			<!--  <security:user name="adam@gmail.com" password="54321"
			 authorities="ROLE_ADMIN" />
			 </security:user-service>  -->
			<!--  <security:user-service> 
 <security:user name="btm@gmail.com" password="adamcs400"
			 authorities="ROLE_USER" />
			  <security:user name="adam@gmail.com" password="54321"
			 authorities="ROLE_ADMIN" />
			 </security:user-service>  -->
			<security:jdbc-user-service
				data-source-ref="dataSource"
				users-by-username-query="SELECT emailId, password, enabled FROM users WHERE emailId=?"
				authorities-by-username-query="SELECT emailId,authorities FROM authorities WHERE emailId=?"
				 />
		</security:authentication-provider>

	</security:authentication-manager>

	<webflow-config:flow-executor id="flowExecutor"
		flow-registry="flowRegistry">
	</webflow-config:flow-executor>
	
	<webflow-config:flow-registry id="flowRegistry"
		base-path="/WEB-INF/flow">
	<webflow-config:flow-location path="/checkout/checkout-flow.xml"
			id="checkout"></webflow-config:flow-location>
	</webflow-config:flow-registry>
	<bean id="flowHandleMapping"
		class="org.springframework.webflow.mvc.servlet.FlowHandlerMapping">
		<property name="flowRegistry" ref="flowRegistry"></property>
	</bean>
	<bean id="flowHandlerAdapter" class="org.springframework.webflow.mvc.servlet.FlowHandlerAdapter">
	<property name="flowExecutor" ref="flowExecutor"></property>
	</bean>
	
</beans>